{"source":"City of Vancouver Open Data, shoreline-2002 (Open Government Licence - Vancouver)","bounds":{"lonMin":-123.26651,"lonMax":-123.02287,"latMin":49.19971,"latMax":49.31407},"landRing":[[-123.02287,49.29345],[-123.02767,49.29277],[-123.03162,49.29071],[-123.03416,49.29099],[-123.03422,49.29024],[-123.03877,49.29106],[-123.04032,49.29217],[-123.04302,49.29248],[-123.04419,49.29211],[-123.04587,49.29269],[-123.04661,49.29378],[-123.04908,49.29325],[-123.0501,49.29401],[-123.05868,49.29112],[-123.05903,49.29157],[-123.05982,49.29121],[-123.05931,49.29066],[-123.06222,49.28929],[-123.06294,49.28845],[-123.06256,49.28819],[-123.06333,49.28841],[-123.06405,49.28727],[-123.06704,49.28744],[-123.06724,49.28916],[-123.06739,49.28658],[-123.06855,49.28661],[-123.06852,49.28964],[-123.06976,49.28964],[-123.06981,49.28802],[-123.07783,49.28969],[-123.07791,49.289],[-123.0772,49.28882],[-123.07721,49.28748],[-123.07982,49.28718],[-123.07999,49.28525],[-123.08032,49.28704],[-123.08127,49.28703],[-123.08229,49.28618],[-123.08202,49.28509],[-123.08279,49.28383],[-123.08399,49.28402],[-123.08404,49.28621],[-123.08528,49.28622],[-123.08546,49.28462],[-123.0868,49.28485],[-123.08668,49.28812],[-123.09173,49.28952],[-123.09187,49.28789],[-123.10013,49.29014],[-123.10009,49.28795],[-123.09643,49.28642],[-123.09779,49.2863],[-123.09769,49.28541],[-123.0993,49.2872],[-123.09986,49.28558],[-123.10242,49.28547],[-123.10344,49.28638],[-123.10673,49.28668],[-123.10923,49.28629],[-123.11042,49.28741],[-123.11111,49.28685],[-123.11275,49.28751],[-123.10671,49.28982],[-123.11051,49.28945],[-123.11454,49.28807],[-123.11632,49.28853],[-123.11403,49.28953],[-123.12016,49.29009],[-123.12333,49.29146],[-123.1247,49.29061],[-123.12638,49.29068],[-123.1283,49.29189],[-123.12734,49.29282],[-123.12946,49.29361],[-123.13075,49.29289],[-123.13362,49.29443],[-123.13392,49.29513],[-123.13575,49.29539],[-123.1348,49.29668],[-123.13221,49.29667],[-123.13076,49.29751],[-123.12814,49.29575],[-123.127,49.29605],[-123.12569,49.29738],[-123.12402,49.29757],[-123.12496,49.29366],[-123.12324,49.29355],[-123.12149,49.29451],[-123.12067,49.29586],[-123.12286,49.2965],[-123.12252,49.29725],[-123.12065,49.29797],[-123.11722,49.29791],[-123.11623,49.30024],[-123.11704,49.30099],[-123.11899,49.29985],[-123.12105,49.30006],[-123.12423,49.30124],[-123.1263,49.30289],[-123.12764,49.30263],[-123.13023,49.30339],[-123.13276,49.30601],[-123.13496,49.3071],[-123.13516,49.30832],[-123.13739,49.31121],[-123.14131,49.31407],[-123.14724,49.31353],[-123.15279,49.31194],[-123.15369,49.31141],[-123.15328,49.31001],[-123.15484,49.30895],[-123.15615,49.30877],[-123.15736,49.30414],[-123.15901,49.30375],[-123.1575,49.30362],[-123.15756,49.30216],[-123.15999,49.30092],[-123.1602,49.30031],[-123.15966,49.29988],[-123.16013,49.29965],[-123.15936,49.29944],[-123.15814,49.29756],[-123.15424,49.29661],[-123.15418,49.29619],[-123.15475,49.29629],[-123.15449,49.29551],[-123.15103,49.2945],[-123.15077,49.29352],[-123.15129,49.29274],[-123.14732,49.29007],[-123.14742,49.28967],[-123.14449,49.28892],[-123.14429,49.2884],[-123.1449,49.28801],[-123.14442,49.28826],[-123.14398,49.28777],[-123.14436,49.28427],[-123.14054,49.28061],[-123.14061,49.27974],[-123.13969,49.27952],[-123.13973,49.27884],[-123.13865,49.27863],[-123.1386,49.27792],[-123.13676,49.27693],[-123.13619,49.27556],[-123.13442,49.27518],[-123.13482,49.27492],[-123.1344,49.27413],[-123.13327,49.27421],[-123.13232,49.27292],[-123.13062,49.27249],[-123.13003,49.27149],[-123.12921,49.27181],[-123.12712,49.27052],[-123.12557,49.27059],[-123.12578,49.27109],[-123.12467,49.27172],[-123.12025,49.27107],[-123.11966,49.2716],[-123.11969,49.27269],[-123.11859,49.27326],[-123.1146,49.27253],[-123.1102,49.27445],[-123.10894,49.27424],[-123.1084,49.27577],[-123.10352,49.27549],[-123.1037,49.27379],[-123.10441,49.27311],[-123.10291,49.27307],[-123.10294,49.27239],[-123.10703,49.27233],[-123.10746,49.27167],[-123.10773,49.27237],[-123.10954,49.27243],[-123.11463,49.27131],[-123.1188,49.26892],[-123.11917,49.26775],[-123.12086,49.2678],[-123.12196,49.26866],[-123.12403,49.26841],[-123.12465,49.26769],[-123.12575,49.26819],[-123.12949,49.26826],[-123.13156,49.2673],[-123.13409,49.2686],[-123.13374,49.26894],[-123.13064,49.2684],[-123.13054,49.2696],[-123.13167,49.27072],[-123.13532,49.27319],[-123.13713,49.27252],[-123.13736,49.27162],[-123.13672,49.27048],[-123.13711,49.27015],[-123.13916,49.27127],[-123.13972,49.27341],[-123.13843,49.27432],[-123.14011,49.2761],[-123.1395,49.27654],[-123.14228,49.27843],[-123.14426,49.27892],[-123.14623,49.27801],[-123.14772,49.27847],[-123.14725,49.27913],[-123.14777,49.27925],[-123.1494,49.278],[-123.15201,49.27794],[-123.15569,49.27364],[-123.159,49.27383],[-123.1605,49.27444],[-123.16413,49.27435],[-123.16654,49.2729],[-123.17459,49.27191],[-123.18554,49.27353],[-123.19507,49.27271],[-123.19661,49.27334],[-123.19689,49.27385],[-123.19629,49.27414],[-123.19842,49.27557],[-123.19993,49.27551],[-123.20195,49.27665],[-123.20951,49.27552],[-123.21295,49.27722],[-123.21532,49.27707],[-123.21636,49.2777],[-123.21881,49.27738],[-123.22167,49.27833],[-123.2251,49.2781],[-123.22739,49.2789],[-123.23425,49.27971],[-123.23557,49.27915],[-123.24184,49.28031],[-123.24594,49.27961],[-123.2479,49.27983],[-123.25371,49.27568],[-123.25708,49.27431],[-123.25832,49.27293],[-123.26263,49.27059],[-123.26328,49.26836],[-123.26498,49.26632],[-123.2649,49.26549],[-123.26602,49.26485],[-123.26435,49.26449],[-123.26197,49.26285],[-123.26219,49.26145],[-123.26276,49.25985],[-123.26577,49.25772],[-123.26651,49.2564],[-123.26268,49.25974],[-123.26238,49.25898],[-123.25882,49.25664],[-123.25819,49.25657],[-123.25895,49.25792],[-123.2578,49.25749],[-123.256,49.25516],[-123.25516,49.25241],[-123.25257,49.25054],[-123.2487,49.24834],[-123.24534,49.24774],[-123.23842,49.24435],[-123.23269,49.24116],[-123.23155,49.23966],[-123.22888,49.23983],[-123.22939,49.23943],[-123.22759,49.2381],[-123.22732,49.23728],[-123.22907,49.2382],[-123.23139,49.2383],[-123.23181,49.2378],[-123.22766,49.23681],[-123.22743,49.23648],[-123.22902,49.23642],[-123.22647,49.23471],[-123.23182,49.2369],[-123.2327,49.23669],[-123.23037,49.23487],[-123.23329,49.23561],[-123.23385,49.23494],[-123.22791,49.23067],[-123.22527,49.2314],[-123.22362,49.23307],[-123.22148,49.2326],[-123.22352,49.23189],[-123.22286,49.23139],[-123.22374,49.23154],[-123.22652,49.23014],[-123.22365,49.2285],[-123.22231,49.22808],[-123.22178,49.22847],[-123.22165,49.22778],[-123.2171,49.22634],[-123.20037,49.22209],[-123.19883,49.22228],[-123.19782,49.22364],[-123.19884,49.22185],[-123.19003,49.22059],[-123.18523,49.21783],[-123.18122,49.21637],[-123.17861,49.21633],[-123.18395,49.21855],[-123.17923,49.218],[-123.18041,49.21772],[-123.17729,49.21633],[-123.17529,49.21667],[-123.17456,49.21604],[-123.16819,49.21571],[-123.1608,49.21334],[-123.15517,49.21008],[-123.15073,49.20601],[-123.14411,49.20391],[-123.14081,49.20192],[-123.14136,49.20145],[-123.147,49.20402],[-123.14862,49.20424],[-123.14708,49.20306],[-123.1422,49.20111],[-123.13205,49.19971],[-123.11354,49.20528],[-123.1021,49.20474],[-123.09391,49.20525],[-123.08949,49.20602],[-123.08821,49.20676],[-123.07536,49.2088],[-123.07127,49.20811],[-123.0667,49.20645],[-123.06609,49.20676],[-123.06603,49.20621],[-123.06321,49.20561],[-123.04395,49.20525],[-123.03681,49.20402],[-123.03431,49.20284],[-123.03114,49.20273],[-123.02358,49.20117],[-123.02287,49.29345]]}
